,Gene_ID,WT1,WT2,WT3,WT4,KO1,KO2,KO3,KO4
Avl9,ENSMUSG00000100165,-2.116829984665478,-2.0686103082622314,-1.22435633117838,-1.9452643767844222,1.983396296448971,1.7897785244121884,1.815956189492951,1.7659299905364065
Rsph14,ENSMUSG00000100794,1.5422933072743854,1.9516257607354035,1.4804580842531676,1.874662723835356,-1.6500920457347938,-1.9163597853645977,-1.5229646539874895,-1.7596233910114296
Arhgap24,ENSMUSG00000101023,1.506467844533701,2.012683575949921,1.936557736764557,1.875119816942139,-1.425939996797496,-2.0469362122020565,-1.8530406967936757,-2.004912068397092
Tmem170b,ENSMUSG00000101397,-1.9369812375294249,-2.2397381567065633,-2.4821661218462676,-2.4293521908572284,2.322490932754432,1.8161073895482787,2.40569641661512,2.543942968021657
Emc8,ENSMUSG00000101511,-2.6433412257994924,-2.2720683426455546,-2.384478397217796,-2.30755069249917,2.4515408284069506,2.419804011335132,2.369341819619911,2.3667519988000256
Avil,ENSMUSG00000101527,2.2134984269751836,2.2605316737524497,1.9762591737214645,2.038342716125948,-2.2022741972898956,-1.991436521310316,-2.421105264324326,-1.8738160076504933
Zc3h14,ENSMUSG00000101668,-1.3745084053049874,-2.066869204883467,-1.7154001267995431,-1.6431596362317915,1.3482243978368285,1.8762726529284315,1.7414342611223947,1.8340060613321327
Pxmp4,ENSMUSG00000102037,-1.1508621612028014,-1.0438970094577842,-2.0312567627435163,-0.8585238660306658,1.2095736510444182,1.1668719029962036,1.3729191965736183,1.335175048820532
Taf7,ENSMUSG00000102228,-0.8492098023015506,-0.5948801799837291,-0.6344580805713269,-0.4469712424396022,0.5484974716432287,0.7424741456860104,0.5107084447927086,0.7238392431742682
Ublcp1,ENSMUSG00000102359,-2.595548502609958,-2.3043014039416754,-2.1323983516604805,-2.3789828659068455,2.7082818796544537,2.4488078211088986,2.58860338184388,1.6655380415117218
Or4d6,ENSMUSG00000102367,2.1952170115808265,1.6415137572855016,1.8831116427409853,2.2612194829978023,-2.0854529137301263,-1.896477838741574,-1.7846639425010435,-2.2144671996323817
Best2,ENSMUSG00000102480,2.2948534442389743,2.425120571368664,1.7886371408928332,2.494828241325016,-2.5141931608405925,-2.13480908158573,-1.9698915107365775,-2.3845456446625892
Aqp4,ENSMUSG00000102544,1.6672113480799204,2.094921758974402,1.7904753659961923,1.46682473271514,-1.6191481631632523,-1.663145882463923,-1.6128996720843376,-2.12423948805414
Mlip,ENSMUSG00000102697,2.068859275098066,2.3909377971144883,2.1436205262842174,2.2068754556867605,-2.3799934323003655,-2.1869082262342143,-2.1741673437762556,-2.0692240518726988
Abca4,ENSMUSG00000102982,2.5314960444653467,2.037563505661171,1.9826605161999131,2.4840485745372503,-2.4676398600103573,-2.129131827809003,-2.1904524609386655,-2.248544492105654
Wwtr1,ENSMUSG00000103440,-2.5534363083126275,-1.9989931388464024,-2.0749833128165793,-2.741148798650709,2.6506400878319125,2.2859511032148108,1.9602955127877673,2.471674854791826
Gtf2a2,ENSMUSG00000104054,-1.6339995597758383,-1.7179514903374242,-1.2789638120806819,-1.2744375660000262,1.6539190862341213,1.0648301857900195,1.4356496035052713,1.7509535526645452
Mx2,ENSMUSG00000104394,-0.8315083924121822,-0.7563917429197087,-0.4081872703800391,-1.0175174642571516,0.7658437670039788,0.6338018841439652,0.8454362178735408,0.7685230009475905
Cpne6,ENSMUSG00000104809,-2.426193950994991,-2.5042962762043555,-2.4341573322379553,-2.2666140550796268,2.4443923224323267,1.9900098269684072,2.725026331202841,2.4718331339133535
Cav3,ENSMUSG00000105392,-1.0654460211174044,-1.3299501867825527,-1.327918508475582,-1.6782312204210799,1.6499833982451824,0.6967751060490821,1.2854965036696209,1.7692909288327394
Mapk9,ENSMUSG00000105439,-1.786283578387307,-1.7968127238910023,-1.9403512769316755,-1.96357309009362,1.6866304767626517,2.2300544306688703,1.4261830565308298,2.1441527053412415
H2-Ea,ENSMUSG00000105938,-2.4180792700551095,-1.811425394452372,-1.7972129415768405,-2.2917578826088016,1.9731945404820896,2.347321821104541,1.9521571281616463,2.0458019989448513
Ifi211,ENSMUSG00000106150,-1.6260367607231334,-1.7129987621811704,-1.7887179231916601,-1.9673769111762676,2.100293508535186,1.3546927836843903,1.9096160354056906,1.7305280296469565
Cmbl,ENSMUSG00000106386,-0.9271593916202421,-0.8708447786990217,-0.8766998423089278,-1.2426143366804063,1.137476604622103,1.1160879697193886,0.6427992261882025,1.0209545487789047
Armt1,ENSMUSG00000106662,2.339802526505606,2.1157076949467735,2.1769076700850443,2.0471447721767717,-2.000425592267268,-2.6981345771575915,-1.97517242952898,-2.005830064760352
Ppm1l,ENSMUSG00000106680,-1.2756925478737076,-1.0155000929778755,-1.014101415499372,-1.3081178804516105,1.3211772581476167,0.883716129613112,1.240452827623912,1.1680657214179284
Or10q1,ENSMUSG00000106837,1.8421495879287502,1.8068486873759273,1.8035260248803784,2.2529468600500895,-1.9601176410743246,-1.6976203630505173,-2.013372632960963,-2.0343605231493376
Rnf138,ENSMUSG00000107342,1.9931482632967774,2.190047318392233,2.3262880579549825,2.3524436766937797,-1.5270699561321721,-2.4187089134560487,-2.8223763499784065,-2.0937720967711417
Stx19,ENSMUSG00000107391,-1.5393731942442566,-1.4620235338383187,-1.116955359328248,-0.549185913208956,1.1523263052478976,0.9379813926441845,1.3889070072094896,1.1883232955182166
Pde6h,ENSMUSG00000107649,0.9717823439726505,1.1480522260921937,0.871571065823705,0.8048511532999161,-0.8923649423978706,-1.0296336555806445,-0.5123600220630262,-1.3618981691469187
P4ha2,ENSMUSG00000107848,-2.0392667988221076,-1.3702546175255934,-1.3486999134479403,-1.0055108620901478,1.0740168535470822,1.705260362742239,1.4621011093093443,1.5223538662871299
Cpn1,ENSMUSG00000108029,1.7241427509239955,0.9256698835313273,1.5253801798857598,1.0357655619992592,-1.7178109179229848,-1.2823211436162696,-1.0140008553742899,-1.1968254594267949
Cltc,ENSMUSG00000108985,1.2763139192619004,1.799642527749734,1.4163575035102394,1.2424638940169999,-1.4484347937489845,-1.7522601948453937,-1.5290468684835004,-1.005035987460996
